[
  {
    "id": "0001",
    "n_id": "N1101456",
    "developer": "남정수",
    "headquarters": "Infra AI/DT",
    "team": "AI/DT추진팀",
    "comment": "Lorem ipsum dolor sit amet consectetur. Lectus at sagittis est fermentum ipsum mi. Integer nec nisl dignissim eu quam feugiat magna semper."
  },
  {
    "id": "0002",
    "n_id": "N1104190",
    "developer": "김용욱",
    "headquarters": "Infra AI/DT",
    "team": "AI/DT추진팀",
    "comment": "Lorem ipsum dolor sit amet consectetur. Lectus at sagittis est fermentum ipsum mi. Integer nec nisl dignissim eu quam feugiat magna semper."
  },
  {
    "id": "0003",
    "n_id": "N1101699",
    "developer": "손지호",
    "headquarters": "전송",
    "team": "전송기술팀",
    "comment": "Lorem ipsum dolor sit amet consectetur. Lectus at sagittis est fermentum ipsum mi. Integer nec nisl dignissim eu quam feugiat magna semper."
  },
  {
    "id": "0004",
    "n_id": "N1102216",
    "developer": "조규용",
    "headquarters": "Infra AI/DT",
    "team": "AI/DT추진팀",
    "comment": "Lorem ipsum dolor sit amet consectetur. Lectus at sagittis est fermentum ipsum mi. Integer nec nisl dignissim eu quam feugiat magna semper."
  },
  {
    "id": "0005",
    "n_id": "N1103815",
    "developer": "김홍성",
    "headquarters": "Infra설비",
    "team": "Infra설비기술팀",
    "comment": "Lorem ipsum dolor sit amet consectetur. Lectus at sagittis est fermentum ipsum mi. Integer nec nisl dignissim eu quam feugiat magna semper."
  },
  {
    "id": "0006",
    "n_id": "N1101050",
    "developer": "강병구",
    "headquarters": "수도권자산운영",
    "team": "자산운영계획팀",
    "comment": "Lorem ipsum dolor sit amet consectetur. Lectus at sagittis est fermentum ipsum mi. Integer nec nisl dignissim eu quam feugiat magna semper."
  },
  {
    "id": "0007",
    "n_id": "N1801111",
    "developer": "제니퍼",
    "headquarters": "SO",
    "team": "성수SO팀",
    "comment": "Lorem ipsum dolor sit amet consectetur. Lectus at sagittis est fermentum ipsum mi. Integer nec nisl dignissim eu quam feugiat magna semper."
  },
  {
    "id": "0008",
    "n_id": "N1103406",
    "developer": "이준후",
    "headquarters": "경영지원",
    "comment": "Lorem ipsum dolor sit amet consectetur. Lectus at sagittis est fermentum ipsum mi. Integer nec nisl dignissim eu quam feugiat magna semper."
  },
  {
    "id": "0009",
    "n_id": "N1801112",
    "developer": "엘리스",
    "headquarters": "SO",
    "team": "성수SO팀",
    "comment": "Lorem ipsum dolor sit amet consectetur. Lectus at sagittis est fermentum ipsum mi. Integer nec nisl dignissim eu quam feugiat magna semper."
  },
  {
    "id": "0010",
    "n_id": "N1103127",
    "developer": "장덕현",
    "headquarters": "기업문화",
    "team": "HR팀",
    "comment": "Lorem ipsum dolor sit amet consectetur. Lectus at sagittis est fermentum ipsum mi. Integer nec nisl dignissim eu quam feugiat magna semper."
  }
]