[
  {
    "id": "0001",
    "sol_name": "DPRS",
    "sol_full_name": "Disaster Prevention & Reccovery System",
    "kor_name": "재난재해 종합 관제 시스템",
    "n_id": "N1101456",
    "developer": "남정수",
    "headquarters": "Infra AI/DT",
    "team": "AI/DT추진팀",
    "url": "https://naver.com",
    "github_url": "https://github.com/Kyuyong/sko_homepage",
    "work_field": "RM"
  },
  {
    "id": "0002",
    "sol_name": "Schedule Map",
    "sol_full_name": "-",
    "kor_name": "다수국소 경로추천 시스템",
    "n_id": "N1104190",
    "developer": "김용욱",
    "headquarters": "Infra AI/DT",
    "team": "AI/DT추진팀",
    "url": "https://daum.net",
    "github_url": "https://github.com/github/explore",
    "work_field": "Access"
  },
  {
    "id": "0003",
    "sol_name": "OCAS",
    "sol_full_name": "Ons Construction Site Alert System",
    "kor_name": "SK오앤에스 미인지 공사장 경보 시스템",
    "n_id": "N1101699",
    "developer": "손지호",
    "headquarters": "전송",
    "team": "전송기술팀",
    "url": "https://www.youtube.com/",
    "github_url": "https://github.com/github/codeql-cli-binaries",
    "work_field": "전송"
  },
  {
    "id": "0004",
    "sol_name": "IT Asset",
    "sol_full_name": "IT Asset",
    "kor_name": "SK오앤에스 AI/DT Solution 관리 시스템",
    "n_id": "N1102216",
    "developer": "조규용",
    "headquarters": "Infra AI/DT",
    "team": "AI/DT추진팀",
    "url": "https://www.netflix.com/",
    "github_url": "https://github.com/Kyuyong/itasset",
    "work_field": "Access"
  },
  {
    "id": "0005",
    "sol_name": "Infra설비 과제",
    "sol_full_name": "RMS Infra 전원관리",
    "kor_name": "RMS Infra 전원관리",
    "n_id": "N1103815",
    "developer": "김홍성",
    "headquarters": "Infra설비",
    "team": "Infra설비기술팀",
    "url": "https://openai.com/",
    "github_url": "https://github.com/Kyuyong/sko_homepage",
    "work_field": "Infra설비"
  },
  {
    "id": "0006",
    "sol_name": "자산 과제",
    "sol_full_name": "Asset Mgmt.",
    "kor_name": "자산관리 시스템 개발",
    "n_id": "N1101050",
    "developer": "강병구",
    "headquarters": "수도권자산운영",
    "team": "자산운영계획팀",
    "url": "https://www.dhlottery.co.kr/",
    "github_url": "https://github.com/Kyuyong/sko_homepage",
    "work_field": "자산"
  },
  {
    "id": "0007",
    "sol_name": "SO 과제",
    "sol_full_name": "Core Mgmt.",
    "kor_name": "SK오앤에스 자산관리 시스템",
    "n_id": "N1801111",
    "developer": "제니퍼",
    "headquarters": "SO",
    "team": "성수SO팀",
    "url": "https://www.wavve.com/",
    "github_url": "https://github.com/Kyuyong/sko_homepage",
    "work_field": "SO"
  },
  {
    "id": "0008",
    "sol_name": "경영 과제",
    "sol_full_name": "Company Mgmt.",
    "kor_name": "SK오앤에스 경영관리 시스템",
    "n_id": "N1103406",
    "developer": "이준후",
    "headquarters": "경영지원",
    "team": "경영기획팀",
    "url": "https://www.aladin.co.kr/",
    "github_url": "https://github.com/Kyuyong/sko_homepage",
    "work_field": "경영"
  },
  {
    "id": "0009",
    "sol_name": "SO 과제",
    "sol_full_name": "Core Mgmt. 2",
    "kor_name": "SK오앤에스 자산관리 시스템2",
    "n_id": "N1801112",
    "developer": "엘리스",
    "headquarters": "SO",
    "team": "성수SO팀",
    "url": "https://www.miricanvas.com/ko",
    "github_url": "https://github.com/Kyuyong/sko_homepage",
    "work_field": "SO"
  },
  {
    "id": "0010",
    "sol_name": "HRA",
    "sol_full_name": "HR Analysis",
    "kor_name": "SK오앤에스 HR분석시스템",
    "n_id": "N1103127",
    "developer": "장덕현",
    "headquarters": "기업문화",
    "team": "HR팀",
    "url": "https://github.com/",
    "github_url": "https://github.com/Kyuyong/sko_homepage",
    "work_field": "경영"
  }
]